title,price,url
A Light in the Attic,£51.77,catalogue/a-light-in-the-attic_1000/index.html
A Light in the Attic,£51.77,catalogue/a-light-in-the-attic_1000/index.html
A Light in the Attic,£51.77,catalogue/a-light-in-the-attic_1000/index.html
A Light in the Attic,£51.77,catalogue/a-light-in-the-attic_1000/index.html
A Light in the Attic,£51.77,catalogue/a-light-in-the-attic_1000/index.html
A Light in the Attic,£51.77,catalogue/a-light-in-the-attic_1000/index.html
A Light in the Attic,£51.77,catalogue/a-light-in-the-attic_1000/index.html
A Light in the Attic,£51.77,catalogue/a-light-in-the-attic_1000/index.html
A Light in the Attic,£51.77,catalogue/a-light-in-the-attic_1000/index.html
A Light in the Attic,£51.77,catalogue/a-light-in-the-attic_1000/index.html
A Light in the Attic,£51.77,catalogue/a-light-in-the-attic_1000/index.html
A Light in the Attic,£51.77,catalogue/a-light-in-the-attic_1000/index.html
A Light in the Attic,£51.77,catalogue/a-light-in-the-attic_1000/index.html
A Light in the Attic,£51.77,catalogue/a-light-in-the-attic_1000/index.html
A Light in the Attic,£51.77,catalogue/a-light-in-the-attic_1000/index.html
A Light in the Attic,£51.77,catalogue/a-light-in-the-attic_1000/index.html
A Light in the Attic,£51.77,catalogue/a-light-in-the-attic_1000/index.html
A Light in the Attic,£51.77,catalogue/a-light-in-the-attic_1000/index.html
A Light in the Attic,£51.77,catalogue/a-light-in-the-attic_1000/index.html
A Light in the Attic,£51.77,catalogue/a-light-in-the-attic_1000/index.html
Sapiens: A Brief History of Humankind,£22.65,../sapiens-a-brief-history-of-humankind_996/index.html
Sapiens: A Brief History of Humankind,£22.65,../sapiens-a-brief-history-of-humankind_996/index.html
Sapiens: A Brief History of Humankind,£22.65,../sapiens-a-brief-history-of-humankind_996/index.html
Sapiens: A Brief History of Humankind,£22.65,../sapiens-a-brief-history-of-humankind_996/index.html
Sapiens: A Brief History of Humankind,£22.65,../sapiens-a-brief-history-of-humankind_996/index.html
"Starving Hearts (Triangular Trade Trilogy, #1)",£20.66,../starving-hearts-triangular-trade-trilogy-1_990/index.html
"Starving Hearts (Triangular Trade Trilogy, #1)",£20.66,../starving-hearts-triangular-trade-trilogy-1_990/index.html
"Starving Hearts (Triangular Trade Trilogy, #1)",£20.66,../starving-hearts-triangular-trade-trilogy-1_990/index.html
"Starving Hearts (Triangular Trade Trilogy, #1)",£20.66,../starving-hearts-triangular-trade-trilogy-1_990/index.html
"Starving Hearts (Triangular Trade Trilogy, #1)",£20.66,../starving-hearts-triangular-trade-trilogy-1_990/index.html
"Starving Hearts (Triangular Trade Trilogy, #1)",£20.66,../starving-hearts-triangular-trade-trilogy-1_990/index.html
Soumission,£47.82,../soumission_998/index.html
Soumission,£47.82,../soumission_998/index.html
Soumission,£47.82,../soumission_998/index.html
Tipping the Velvet,£50.10,../tipping-the-velvet_999/index.html
Tipping the Velvet,£50.10,../tipping-the-velvet_999/index.html
The Black Maria,£13.99,../the-black-maria_991/index.html
The Black Maria,£13.99,../the-black-maria_991/index.html
The Black Maria,£13.99,../the-black-maria_991/index.html
The Black Maria,£13.99,../the-black-maria_991/index.html
The Black Maria,£13.99,../the-black-maria_991/index.html
The Black Maria,£13.99,../the-black-maria_991/index.html
Sharp Objects,£54.23,../sharp-objects_997/index.html
Sharp Objects,£54.23,../sharp-objects_997/index.html
Sharp Objects,£54.23,../sharp-objects_997/index.html
Sharp Objects,£54.23,../sharp-objects_997/index.html
A Light in the Attic,£53.74,../a-light-in-the-attic_1000/index.html
The Requiem Red,£33.34,../the-requiem-red_995/index.html
The Requiem Red,£33.34,../the-requiem-red_995/index.html
The Requiem Red,£33.34,../the-requiem-red_995/index.html
The Requiem Red,£33.34,../the-requiem-red_995/index.html
The Requiem Red,£33.34,../the-requiem-red_995/index.html
The Dirty Little Secrets of Getting Your Dream Job,£17.93,../the-dirty-little-secrets-of-getting-your-dream-job_994/index.html
The Dirty Little Secrets of Getting Your Dream Job,£17.93,../the-dirty-little-secrets-of-getting-your-dream-job_994/index.html
The Dirty Little Secrets of Getting Your Dream Job,£17.93,../the-dirty-little-secrets-of-getting-your-dream-job_994/index.html
The Dirty Little Secrets of Getting Your Dream Job,£17.93,../the-dirty-little-secrets-of-getting-your-dream-job_994/index.html
The Dirty Little Secrets of Getting Your Dream Job,£17.93,../the-dirty-little-secrets-of-getting-your-dream-job_994/index.html
"The Coming Woman: A Novel Based on the Life of the Infamous Feminist, Victoria Woodhull",£22.60,../the-coming-woman-a-novel-based-on-the-life-of-the-infamous-feminist-victoria-woodhull_993/index.html
"The Coming Woman: A Novel Based on the Life of the Infamous Feminist, Victoria Woodhull",£22.60,../the-coming-woman-a-novel-based-on-the-life-of-the-infamous-feminist-victoria-woodhull_993/index.html
"The Coming Woman: A Novel Based on the Life of the Infamous Feminist, Victoria Woodhull",£22.60,../the-coming-woman-a-novel-based-on-the-life-of-the-infamous-feminist-victoria-woodhull_993/index.html
"The Coming Woman: A Novel Based on the Life of the Infamous Feminist, Victoria Woodhull",£22.60,../the-coming-woman-a-novel-based-on-the-life-of-the-infamous-feminist-victoria-woodhull_993/index.html
"The Coming Woman: A Novel Based on the Life of the Infamous Feminist, Victoria Woodhull",£22.60,../the-coming-woman-a-novel-based-on-the-life-of-the-infamous-feminist-victoria-woodhull_993/index.html
"The Coming Woman: A Novel Based on the Life of the Infamous Feminist, Victoria Woodhull",£22.60,../the-coming-woman-a-novel-based-on-the-life-of-the-infamous-feminist-victoria-woodhull_993/index.html
The Requiem Red,£33.34,../the-requiem-red_995/index.html
The Dirty Little Secrets of Getting Your Dream Job,£17.93,../the-dirty-little-secrets-of-getting-your-dream-job_994/index.html
The Boys in the Boat: Nine Americans and Their Epic Quest for Gold at the 1936 Berlin Olympics,£52.15,../the-boys-in-the-boat-nine-americans-and-their-epic-quest-for-gold-at-the-1936-berlin-olympics_992/index.html
The Boys in the Boat: Nine Americans and Their Epic Quest for Gold at the 1936 Berlin Olympics,£52.15,../the-boys-in-the-boat-nine-americans-and-their-epic-quest-for-gold-at-the-1936-berlin-olympics_992/index.html
The Boys in the Boat: Nine Americans and Their Epic Quest for Gold at the 1936 Berlin Olympics,£52.15,../the-boys-in-the-boat-nine-americans-and-their-epic-quest-for-gold-at-the-1936-berlin-olympics_992/index.html
The Boys in the Boat: Nine Americans and Their Epic Quest for Gold at the 1936 Berlin Olympics,£52.15,../the-boys-in-the-boat-nine-americans-and-their-epic-quest-for-gold-at-the-1936-berlin-olympics_992/index.html
The Boys in the Boat: Nine Americans and Their Epic Quest for Gold at the 1936 Berlin Olympics,£52.15,../the-boys-in-the-boat-nine-americans-and-their-epic-quest-for-gold-at-the-1936-berlin-olympics_992/index.html
Scott Pilgrim's Precious Little Life (Scott Pilgrim #1),£35.02,../scott-pilgrims-precious-little-life-scott-pilgrim-1_987/index.html
Scott Pilgrim's Precious Little Life (Scott Pilgrim #1),£35.02,../scott-pilgrims-precious-little-life-scott-pilgrim-1_987/index.html
Scott Pilgrim's Precious Little Life (Scott Pilgrim #1),£35.02,../scott-pilgrims-precious-little-life-scott-pilgrim-1_987/index.html
Scott Pilgrim's Precious Little Life (Scott Pilgrim #1),£35.02,../scott-pilgrims-precious-little-life-scott-pilgrim-1_987/index.html
Scott Pilgrim's Precious Little Life (Scott Pilgrim #1),£35.02,../scott-pilgrims-precious-little-life-scott-pilgrim-1_987/index.html
Set Me Free,£52.29,../set-me-free_988/index.html
Set Me Free,£52.29,../set-me-free_988/index.html
Set Me Free,£52.29,../set-me-free_988/index.html
Libertarianism for Beginners,£45.17,../libertarianism-for-beginners_982/index.html
Libertarianism for Beginners,£45.17,../libertarianism-for-beginners_982/index.html
Libertarianism for Beginners,£45.17,../libertarianism-for-beginners_982/index.html
Libertarianism for Beginners,£45.17,../libertarianism-for-beginners_982/index.html
Libertarianism for Beginners,£45.17,../libertarianism-for-beginners_982/index.html
Libertarianism for Beginners,£45.17,../libertarianism-for-beginners_982/index.html
The Boys in the Boat: Nine Americans and Their Epic Quest for Gold at the 1936 Berlin Olympics,£52.15,../the-boys-in-the-boat-nine-americans-and-their-epic-quest-for-gold-at-the-1936-berlin-olympics_992/index.html
Shakespeare's Sonnets,£17.46,../shakespeares-sonnets_989/index.html
Shakespeare's Sonnets,£17.46,../shakespeares-sonnets_989/index.html
Shakespeare's Sonnets,£17.46,../shakespeares-sonnets_989/index.html
Shakespeare's Sonnets,£17.46,../shakespeares-sonnets_989/index.html
Shakespeare's Sonnets,£17.46,../shakespeares-sonnets_989/index.html
Shakespeare's Sonnets,£17.46,../shakespeares-sonnets_989/index.html
Scott Pilgrim's Precious Little Life (Scott Pilgrim #1),£35.02,../scott-pilgrims-precious-little-life-scott-pilgrim-1_987/index.html
Olio,£37.59,../olio_984/index.html
Olio,£37.59,../olio_984/index.html
Olio,£37.59,../olio_984/index.html
Olio,£37.59,../olio_984/index.html
Olio,£37.59,../olio_984/index.html
Olio,£37.59,../olio_984/index.html
Set Me Free,£52.29,../set-me-free_988/index.html
Set Me Free,£52.29,../set-me-free_988/index.html
Set Me Free,£52.29,../set-me-free_988/index.html
Mesaerion: The Best Science Fiction Stories 1800-1849,£51.33,../mesaerion-the-best-science-fiction-stories-1800-1849_983/index.html
Mesaerion: The Best Science Fiction Stories 1800-1849,£51.33,../mesaerion-the-best-science-fiction-stories-1800-1849_983/index.html
Mesaerion: The Best Science Fiction Stories 1800-1849,£51.33,../mesaerion-the-best-science-fiction-stories-1800-1849_983/index.html
Mesaerion: The Best Science Fiction Stories 1800-1849,£51.33,../mesaerion-the-best-science-fiction-stories-1800-1849_983/index.html
Mesaerion: The Best Science Fiction Stories 1800-1849,£51.33,../mesaerion-the-best-science-fiction-stories-1800-1849_983/index.html
Mesaerion: The Best Science Fiction Stories 1800-1849,£51.33,../mesaerion-the-best-science-fiction-stories-1800-1849_983/index.html
"Our Band Could Be Your Life: Scenes from the American Indie Underground, 1981-1991",£23.88,../our-band-could-be-your-life-scenes-from-the-american-indie-underground-1981-1991_985/index.html
"Our Band Could Be Your Life: Scenes from the American Indie Underground, 1981-1991",£23.88,../our-band-could-be-your-life-scenes-from-the-american-indie-underground-1981-1991_985/index.html
Rip it Up and Start Again,£57.25,../rip-it-up-and-start-again_986/index.html
Rip it Up and Start Again,£57.25,../rip-it-up-and-start-again_986/index.html
Rip it Up and Start Again,£57.25,../rip-it-up-and-start-again_986/index.html
"Our Band Could Be Your Life: Scenes from the American Indie Underground, 1981-1991",£23.88,../our-band-could-be-your-life-scenes-from-the-american-indie-underground-1981-1991_985/index.html
"Our Band Could Be Your Life: Scenes from the American Indie Underground, 1981-1991",£23.88,../our-band-could-be-your-life-scenes-from-the-american-indie-underground-1981-1991_985/index.html
"Our Band Could Be Your Life: Scenes from the American Indie Underground, 1981-1991",£23.88,../our-band-could-be-your-life-scenes-from-the-american-indie-underground-1981-1991_985/index.html
"Our Band Could Be Your Life: Scenes from the American Indie Underground, 1981-1991",£23.88,../our-band-could-be-your-life-scenes-from-the-american-indie-underground-1981-1991_985/index.html
Rip it Up and Start Again,£57.25,../rip-it-up-and-start-again_986/index.html
Rip it Up and Start Again,£57.25,../rip-it-up-and-start-again_986/index.html
Rip it Up and Start Again,£57.25,../rip-it-up-and-start-again_986/index.html
